Project,Date,Author
ia,"Wed, 19 Oct 2011 13:32:20 +0200","Juanje Ojeda"
ia,"Tue, 18 Oct 2011 18:46:58 +0200","Juanje Ojeda"
ia,"Tue, 18 Oct 2011 17:26:33 +0200","Juanje Ojeda"
ia,"Tue, 18 Oct 2011 17:25:52 +0200","Juanje Ojeda"
ia,"Tue, 18 Oct 2011 17:24:24 +0200","Juanje Ojeda"
ia,"Fri, 14 Oct 2011 13:01:31 +0200","Jose Alberto"
ia,"Fri, 14 Oct 2011 12:55:48 +0200","Jose Alberto"
ia,"Fri, 14 Oct 2011 12:52:54 +0200","Jose Alberto"
ia,"Fri, 14 Oct 2011 12:49:58 +0200","Jose Alberto"
ia,"Fri, 14 Oct 2011 12:41:28 +0200","Jose Alberto"
ia,"Fri, 14 Oct 2011 12:38:08 +0200","Jose Alberto"
ia,"Wed, 12 Oct 2011 17:42:10 +0200","Jose Alberto"
ia,"Wed, 12 Oct 2011 16:27:09 +0200","Jose Alberto"
ia,"Wed, 12 Oct 2011 16:22:48 +0200","Jose Alberto"
ia,"Wed, 12 Oct 2011 16:21:51 +0200","Jose Alberto"
ia,"Wed, 12 Oct 2011 01:42:06 +0200","Jose Alberto"
ia,"Mon, 10 Oct 2011 17:37:24 +0200","Jose Alberto"
ia,"Mon, 10 Oct 2011 17:35:13 +0200","Jose Alberto"
ia,"Mon, 10 Oct 2011 16:06:19 +0200","Jose Alberto"
ia,"Mon, 10 Oct 2011 15:54:41 +0200","Jose Alberto"
ia,"Mon, 10 Oct 2011 13:51:10 +0200","Jose Alberto"
ia,"Sun, 9 Oct 2011 21:21:40 +0200","Jose Alberto"
ia,"Sun, 9 Oct 2011 19:57:33 +0200","Jose Alberto"
ia,"Sun, 9 Oct 2011 19:19:54 +0200","Jose Alberto"
ia,"Sun, 9 Oct 2011 19:10:36 +0200","Jose Alberto"
ia,"Sun, 9 Oct 2011 19:08:45 +0200","Jose Alberto"
ia,"Sun, 9 Oct 2011 19:04:52 +0200","Jose Alberto"
ia,"Sun, 9 Oct 2011 03:52:11 +0200","Jose Alberto"
ia,"Sat, 8 Oct 2011 18:31:49 -0700","José Alberto"
ia,"Sat, 8 Oct 2011 18:30:08 -0700","José Alberto"
ia,"Sun, 9 Oct 2011 01:11:54 +0200","Juanje Ojeda"
ia,"Sun, 9 Oct 2011 01:00:35 +0200","Juanje Ojeda"
ia,"Sat, 8 Oct 2011 20:46:33 +0200","Jose Alberto"
ia,"Thu, 6 Oct 2011 23:07:29 +0200","Jose Alberto"
ia,"Thu, 6 Oct 2011 20:13:42 +0200","Jose Alberto"
ia,"Tue, 16 Aug 2011 09:47:54 +0200","Jose Alberto"
ia,"Fri, 12 Aug 2011 14:25:33 +0200","Jose Alberto"
ia,"Fri, 12 Aug 2011 13:49:36 +0200","Jose Alberto"
ia,"Fri, 12 Aug 2011 11:06:56 +0200","Jose Alberto"
ia,"Thu, 11 Aug 2011 23:00:16 +0200","Jose Alberto"
ia,"Thu, 11 Aug 2011 22:57:40 +0200","Jose Alberto"
ia,"Thu, 11 Aug 2011 22:56:57 +0200","Jose Alberto"
ia,"Thu, 11 Aug 2011 22:55:58 +0200","Jose Alberto"
ia,"Thu, 11 Aug 2011 14:43:35 +0200","Jose Alberto"
ia,"Thu, 11 Aug 2011 14:29:04 +0200","Jose Alberto"
ia,"Thu, 11 Aug 2011 14:15:23 +0200","Jose Alberto"
ia,"Thu, 11 Aug 2011 14:00:09 +0200","Jose Alberto"
ejemplo,"Wed, 19 Oct 2011 13:27:57 +0200","Juanje Ojeda"
